date,unemployment,inflation,misery_index,recession
1971-01-01,5.9,5.277044854881274,11.177044854881274,0.0
1971-02-01,5.9,4.724409448818889,10.62440944881889,0.0
1971-03-01,6.0,4.438642297650142,10.43864229765014,0.0
1971-04-01,5.9,4.155844155844157,10.055844155844158,0.0
1971-05-01,5.9,4.404145077720201,10.3041450777202,0.0
1971-06-01,5.9,4.381443298969079,10.28144329896908,0.0
1971-07-01,6.0,4.370179948586128,10.370179948586127,0.0
1971-08-01,6.1,4.358974358974366,10.458974358974366,0.0
1971-09-01,6.0,4.081632653061207,10.081632653061206,0.0
1971-10-01,5.8,3.8071065989847774,9.607106598984778,0.0
1971-11-01,6.0,3.535353535353525,9.535353535353526,0.0
1971-12-01,6.0,3.266331658291466,9.266331658291467,0.0
1972-01-01,5.8,3.2581453634085378,9.058145363408538,0.0
1972-02-01,5.7,3.759398496240607,9.459398496240606,0.0
1972-03-01,5.8,3.499999999999992,9.299999999999992,0.0
1972-04-01,5.7,3.4912718204488824,9.191271820448883,0.0
1972-05-01,5.7,3.2258064516129226,8.925806451612923,0.0
1972-06-01,5.7,2.9629629629629672,8.662962962962968,0.0
1972-07-01,5.6,2.9556650246305383,8.555665024630539,0.0
1972-08-01,5.6,2.9484029484029284,8.548402948402927,0.0
1972-09-01,5.5,3.1862745098039325,8.686274509803933,0.0
1972-10-01,5.6,3.1784841075794823,8.778484107579482,0.0
1972-11-01,5.3,3.4146341463414664,8.714634146341467,0.0
1972-12-01,5.2,3.406326034063256,8.606326034063256,0.0
1973-01-01,4.9,3.6407766990291357,8.540776699029136,0.0
1973-02-01,5.0,3.864734299516903,8.864734299516904,0.0
1973-03-01,4.9,4.8309178743961345,9.730917874396134,0.0
1973-04-01,5.0,5.301204819277117,10.301204819277118,0.0
1973-05-01,4.9,5.528846153846145,10.428846153846145,0.0
1973-06-01,4.9,5.995203836930463,10.895203836930463,0.0
1973-07-01,4.8,5.741626794258381,10.54162679425838,0.0
1973-08-01,4.8,7.398568019093088,12.198568019093088,0.0
1973-09-01,4.8,7.3634204275534465,12.163420427553447,0.0
1973-10-01,4.6,8.056872037914697,12.656872037914697,0.0
1973-11-01,4.8,8.25471698113207,13.05471698113207,0.0
1973-12-01,4.9,8.94117647058823,13.84117647058823,1.0
1974-01-01,5.1,9.601873536299754,14.701873536299754,1.0
1974-02-01,5.2,9.999999999999986,15.199999999999985,1.0
1974-03-01,5.1,10.138248847926267,15.238248847926267,1.0
1974-04-01,5.1,10.068649885583515,15.168649885583514,1.0
1974-05-01,5.1,10.70615034168565,15.80615034168565,1.0
1974-06-01,5.4,10.859728506787313,16.25972850678731,1.0
1974-07-01,5.5,11.538461538461519,17.03846153846152,1.0
1974-08-01,5.5,10.888888888888882,16.388888888888882,1.0
1974-09-01,5.9,11.946902654867241,17.846902654867243,1.0
1974-10-01,6.0,11.842105263157897,17.842105263157897,1.0
1974-11-01,6.6,12.200435729847502,18.8004357298475,1.0
1974-12-01,7.2,12.095032397408211,19.29503239740821,1.0
1975-01-01,8.1,11.752136752136755,19.852136752136754,1.0
1975-02-01,8.1,11.205073995771686,19.305073995771686,1.0
1975-03-01,8.6,10.460251046025103,19.0602510460251,1.0
1975-04-01,8.8,10.187110187110182,18.987110187110183,0.0
1975-05-01,9.0,9.259259259259256,18.259259259259256,0.0
1975-06-01,8.8,9.183673469387754,17.983673469387753,0.0
1975-07-01,8.6,9.533468559837743,18.133468559837745,0.0
1975-08-01,8.4,8.617234468937895,17.017234468937893,0.0
1975-09-01,8.4,7.905138339920947,16.305138339920948,0.0
1975-10-01,8.4,7.647058823529407,16.047058823529408,0.0
1975-11-01,8.3,7.37864077669903,15.67864077669903,0.0
1975-12-01,8.2,7.129094412331405,15.329094412331404,0.0
1976-01-01,7.9,6.692160611854692,14.592160611854691,0.0
1976-02-01,7.7,6.273764258555126,13.973764258555125,0.0
1976-03-01,7.6,6.060606060606055,13.660606060606055,0.0
1976-04-01,7.7,5.849056603773595,13.549056603773595,0.0
1976-05-01,7.4,6.214689265536721,13.614689265536722,0.0
1976-06-01,7.6,5.981308411214958,13.581308411214959,0.0
1976-07-01,7.8,5.555555555555558,13.355555555555558,0.0
1976-08-01,7.8,5.719557195571956,13.519557195571956,0.0
1976-09-01,7.6,5.494505494505497,13.094505494505498,0.0
1976-10-01,7.7,5.464480874316946,13.164480874316947,0.0
1976-11-01,7.8,5.063291139240511,12.863291139240511,0.0
1976-12-01,7.8,5.035971223021574,12.835971223021573,0.0
1977-01-01,7.5,5.197132616487465,12.697132616487465,0.0
1977-02-01,7.6,6.082289803220031,13.68228980322003,0.0
1977-03-01,7.4,6.428571428571428,13.82857142857143,0.0
1977-04-01,7.2,6.951871657754016,14.151871657754016,0.0
1977-05-01,7.0,6.737588652482285,13.737588652482284,0.0
1977-06-01,7.2,6.701940035273357,13.901940035273357,0.0
1977-07-01,6.9,6.666666666666665,13.566666666666666,0.0
1977-08-01,7.0,6.631762652705064,13.631762652705063,0.0
1977-09-01,6.8,6.423611111111094,13.223611111111094,0.0
1977-10-01,6.8,6.390328151986191,13.19032815198619,0.0
1977-11-01,6.8,6.712564543889843,13.512564543889843,0.0
1977-12-01,6.4,6.67808219178081,13.07808219178081,0.0
1978-01-01,6.4,6.814310051107331,13.214310051107331,0.0
1978-02-01,6.3,6.2394603709949426,12.539460370994941,0.0
1978-03-01,6.3,6.375838926174482,12.675838926174482,0.0
1978-04-01,6.1,6.499999999999995,12.599999999999994,0.0
1978-05-01,6.0,7.14285714285714,13.142857142857139,0.0
1978-06-01,5.9,7.438016528925617,13.338016528925618,0.0
1978-07-01,6.2,7.7302631578947345,13.930263157894736,0.0
1978-08-01,5.9,7.855973813420625,13.755973813420624,0.0
1978-09-01,6.0,8.482871125611746,14.482871125611746,0.0
1978-10-01,5.8,8.92857142857142,14.72857142857142,0.0
1978-11-01,5.9,8.870967741935477,14.770967741935477,0.0
1978-12-01,6.0,8.988764044943842,14.988764044943842,0.0
1979-01-01,5.9,9.250398724082931,15.150398724082931,0.0
1979-02-01,5.9,9.84126984126985,15.741269841269851,0.0
1979-03-01,5.8,10.252365930599371,16.052365930599372,0.0
1979-04-01,5.8,10.485133020344284,16.285133020344283,0.0
1979-05-01,5.6,10.697674418604652,16.29767441860465,0.0
1979-06-01,5.7,11.076923076923073,16.776923076923072,0.0
1979-07-01,5.7,11.45038167938932,17.15038167938932,0.0
1979-08-01,6.0,11.836115326251884,17.836115326251885,0.0
1979-09-01,5.9,11.879699248120312,17.779699248120313,0.0
1979-10-01,6.0,12.071535022354718,18.071535022354716,0.0
1979-11-01,5.9,12.592592592592599,18.4925925925926,0.0
1979-12-01,6.0,13.254786450662737,19.254786450662735,0.0
1980-01-01,6.3,13.868613138686126,20.168613138686126,0.0
1980-02-01,6.3,14.161849710982644,20.461849710982644,1.0
1980-03-01,6.3,14.592274678111572,20.892274678111573,1.0
1980-04-01,6.9,14.589235127478762,21.489235127478764,1.0
1980-05-01,7.5,14.425770308123242,21.92577030812324,1.0
1980-06-01,7.6,14.265927977839322,21.86592797783932,1.0
1980-07-01,7.8,13.15068493150684,20.95068493150684,1.0
1980-08-01,7.7,12.890094979647216,20.590094979647215,0.0
1980-09-01,7.5,12.768817204301076,20.268817204301076,0.0
1980-10-01,7.5,12.632978723404253,20.132978723404253,0.0
1980-11-01,7.5,12.631578947368416,20.131578947368418,0.0
1980-12-01,7.2,12.353706111833551,19.553706111833552,0.0
1981-01-01,7.5,11.794871794871797,19.294871794871796,0.0
1981-02-01,7.4,11.392405063291132,18.792405063291135,0.0
1981-03-01,7.4,10.611735330836458,18.01173533083646,0.0
1981-04-01,7.2,10.135970333745359,17.335970333745358,0.0
1981-05-01,7.5,9.79192166462668,17.291921664626678,0.0
1981-06-01,7.5,9.696969696969692,17.196969696969692,0.0
1981-07-01,7.2,10.774818401937058,17.974818401937057,0.0
1981-08-01,7.4,10.817307692307686,18.217307692307685,1.0
1981-09-01,7.6,10.96543504171632,18.56543504171632,1.0
1981-10-01,7.9,10.271546635182993,18.17154663518299,1.0
1981-11-01,8.3,9.579439252336464,17.879439252336464,1.0
1981-12-01,8.5,8.912037037037024,17.412037037037024,1.0
1982-01-01,8.6,8.25688073394495,16.856880733944948,1.0
1982-02-01,8.9,7.613636363636367,16.513636363636365,1.0
1982-03-01,9.0,6.884875846501148,15.88487584650115,1.0
1982-04-01,9.3,6.621773288439958,15.921773288439958,1.0
1982-05-01,9.4,6.911928651059096,16.311928651059098,1.0
1982-06-01,9.6,7.182320441988943,16.782320441988944,1.0
1982-07-01,9.8,6.557377049180335,16.357377049180336,1.0
1982-08-01,9.8,5.965292841648595,15.765292841648595,1.0
1982-09-01,10.1,4.940923737916236,15.040923737916236,1.0
1982-10-01,10.4,5.032119914346889,15.432119914346888,1.0
1982-11-01,10.8,4.47761194029852,15.27761194029852,1.0
1982-12-01,10.8,3.825717321997879,14.625717321997879,0.0
1983-01-01,10.4,3.7076271186440746,14.107627118644075,0.0
1983-02-01,10.4,3.484688489968324,13.884688489968324,0.0
1983-03-01,10.3,3.5902851108764455,13.890285110876446,0.0
1983-04-01,10.2,4.0000000000000036,14.200000000000003,0.0
1983-05-01,10.1,3.44108446298228,13.54108446298228,0.0
1983-06-01,10.1,2.4742268041237248,12.574226804123725,0.0
1983-07-01,9.4,2.358974358974364,11.758974358974363,0.0
1983-08-01,9.5,2.456499488229258,11.956499488229259,0.0
1983-09-01,9.2,2.763561924257929,11.963561924257927,0.0
1983-10-01,8.8,2.752293577981657,11.552293577981658,0.0
1983-11-01,8.5,3.1632653061224536,11.663265306122454,0.0
1983-12-01,8.3,3.7871033776867957,12.087103377686796,0.0
1984-01-01,8.0,4.290091930541351,12.290091930541351,0.0
1984-02-01,7.8,4.693877551020398,12.493877551020397,0.0
1984-03-01,7.8,4.892966360856277,12.692966360856277,0.0
1984-04-01,7.7,4.5546558704453455,12.254655870445346,0.0
1984-05-01,7.4,4.3346774193548265,11.734677419354828,0.0
1984-06-01,7.2,4.325955734406439,11.52595573440644,0.0
1984-07-01,7.5,4.308617234468937,11.808617234468937,0.0
1984-08-01,7.5,4.295704295704317,11.795704295704317,0.0
1984-09-01,7.3,4.2828685258964105,11.58286852589641,0.0
1984-10-01,7.4,4.265873015873023,11.665873015873023,0.0
1984-11-01,7.2,4.154302670623156,11.354302670623156,0.0
1984-12-01,7.3,4.043392504930954,11.343392504930954,0.0
1985-01-01,7.3,3.52595494613126,10.82595494613126,0.0
1985-02-01,7.2,3.6062378167641462,10.806237816764146,0.0
1985-03-01,7.2,3.790087463556846,10.990087463556847,0.0
1985-04-01,7.3,3.581800580832528,10.881800580832529,0.0
1985-05-01,7.2,3.5748792270531515,10.774879227053152,0.0
1985-06-01,7.4,3.6644165863066513,11.064416586306653,0.0
1985-07-01,7.4,3.458213256484166,10.858213256484166,0.0
1985-08-01,7.1,3.3524904214559337,10.452490421455934,0.0
1985-09-01,7.1,3.2473734479465,10.347373447946499,0.0
1985-10-01,7.1,3.2350142721217834,10.335014272121782,0.0
1985-11-01,7.0,3.5137701804368593,10.51377018043686,0.0
1985-12-01,7.0,3.791469194312791,10.791469194312791,0.0
1986-01-01,6.7,3.9735099337748325,10.673509933774833,0.0
1986-02-01,7.2,3.19849482596426,10.39849482596426,0.0
1986-03-01,7.2,2.1535580524344455,9.353558052434446,0.0
1986-04-01,7.1,1.5887850467289688,8.688785046728968,0.0
1986-05-01,7.2,1.679104477611948,8.879104477611948,0.0
1986-06-01,7.2,1.7674418604651132,8.967441860465113,0.0
1986-07-01,7.0,1.671309192200554,8.671309192200553,0.0
1986-08-01,6.9,1.575532900834098,8.475532900834098,0.0
1986-09-01,7.0,1.757631822386685,8.757631822386685,0.0
1986-10-01,7.0,1.5668202764977046,8.566820276497705,0.0
1986-11-01,6.9,1.2844036697247763,8.184403669724777,0.0
1986-12-01,6.6,1.187214611872145,7.787214611872145,0.0
1987-01-01,6.6,1.364877161055511,7.964877161055511,0.0
1987-02-01,6.6,1.9143117593436676,8.514311759343666,0.0
1987-03-01,6.6,2.8414298808432603,9.441429880843259,0.0
1987-04-01,6.3,3.679852805887762,9.979852805887763,0.0
1987-05-01,6.3,3.669724770642202,9.969724770642202,0.0
1987-06-01,6.2,3.7477148080438782,9.947714808043878,0.0
1987-07-01,6.1,3.926940639269394,10.026940639269394,0.0
1987-08-01,6.0,4.2883211678832245,10.288321167883225,0.0
1987-09-01,5.9,4.2727272727272725,10.172727272727272,0.0
1987-10-01,6.0,4.355716878402904,10.355716878402905,0.0
1987-11-01,5.8,4.528985507246386,10.328985507246387,0.0
1987-12-01,5.7,4.332129963898912,10.032129963898912,0.0
1988-01-01,5.7,4.129263913824044,9.829263913824043,0.0
1988-02-01,5.7,3.9355992844364973,9.635599284436498,0.0
1988-03-01,5.7,3.832442067736186,9.532442067736186,0.0
1988-04-01,5.4,3.9929015084294583,9.392901508429459,0.0
1988-05-01,5.6,3.9823008849557473,9.582300884955746,0.0
1988-06-01,5.4,3.96475770925111,9.36475770925111,0.0
1988-07-01,5.4,4.130052724077338,9.530052724077338,0.0
1988-08-01,5.6,4.111986001749779,9.711986001749779,0.0
1988-09-01,5.4,4.184829991281602,9.584829991281602,0.0
1988-10-01,5.4,4.260869565217407,9.660869565217407,0.0
1988-11-01,5.3,4.246100519930662,9.546100519930661,0.0
1988-12-01,5.3,4.4117647058823595,9.71176470588236,0.0
1989-01-01,5.4,4.482758620689653,9.882758620689653,0.0
1989-02-01,5.2,4.647160068846801,9.8471600688468,0.0
1989-03-01,5.0,4.892703862660941,9.892703862660941,0.0
1989-04-01,5.2,5.034129692832767,10.234129692832767,0.0
1989-05-01,5.2,5.276595744680845,10.476595744680846,0.0
1989-06-01,5.3,5.1694915254237195,10.46949152542372,0.0
1989-07-01,5.2,5.063291139240511,10.263291139240511,0.0
1989-08-01,5.2,4.621848739495804,9.821848739495804,0.0
1989-09-01,5.3,4.435146443514637,9.735146443514637,0.0
1989-10-01,5.3,4.587155963302747,9.887155963302746,0.0
1989-11-01,5.4,4.655029093931851,10.05502909393185,0.0
1989-12-01,5.4,4.639602319801162,10.039602319801162,0.0
1990-01-01,5.4,5.198019801980203,10.598019801980204,0.0
1990-02-01,5.3,5.263157894736836,10.563157894736836,0.0
1990-03-01,5.2,5.237315875613735,10.437315875613734,0.0
1990-04-01,5.4,4.711616571892785,10.111616571892785,0.0
1990-05-01,5.4,4.365400161681476,9.765400161681477,0.0
1990-06-01,5.2,4.673650282030639,9.873650282030638,0.0
1990-07-01,5.5,4.819277108433728,10.319277108433727,0.0
1990-08-01,5.7,5.702811244979911,11.402811244979912,1.0
1990-09-01,5.9,6.169871794871806,12.069871794871807,1.0
1990-10-01,5.9,6.379585326953752,12.279585326953752,1.0
1990-11-01,6.2,6.195393169181873,12.395393169181872,1.0
1990-12-01,6.3,6.254948535233562,12.554948535233562,1.0
1991-01-01,6.4,5.647058823529405,12.047058823529404,1.0
1991-02-01,6.6,5.312500000000009,11.912500000000009,1.0
1991-03-01,6.8,4.821150855365497,11.621150855365496,1.0
1991-04-01,6.7,4.809930178432875,11.509930178432874,0.0
1991-05-01,6.9,5.034856700232382,11.934856700232382,0.0
1991-06-01,6.9,4.695919938414161,11.595919938414163,0.0
1991-07-01,6.8,4.367816091954024,11.167816091954023,0.0
1991-08-01,6.9,3.7993920972644313,10.699392097264433,0.0
1991-09-01,6.9,3.396226415094339,10.296226415094338,0.0
1991-10-01,7.0,2.8485757121439192,9.84857571214392,0.0
1991-11-01,7.0,3.0665669409125185,10.06656694091252,0.0
1991-12-01,7.3,2.980625931445613,10.280625931445613,0.0
1992-01-01,7.3,2.672605790645899,9.972605790645899,0.0
1992-02-01,7.4,2.8189910979228294,10.21899109792283,0.0
1992-03-01,7.4,3.189910979228472,10.589910979228472,0.0
1992-04-01,7.4,3.1828275351591495,10.58282753515915,0.0
1992-05-01,7.6,3.0235988200590036,10.623598820059003,0.0
1992-06-01,7.8,3.0147058823529305,10.81470588235293,0.0
1992-07-01,7.7,3.1571218795888534,10.857121879588853,0.0
1992-08-01,7.6,3.0746705710102518,10.674670571010251,0.0
1992-09-01,7.6,2.9927007299270114,10.59270072992701,0.0
1992-10-01,7.3,3.279883381924198,10.579883381924198,0.0
1992-11-01,7.4,3.1204644412191396,10.52046444121914,0.0
1992-12-01,7.4,2.966714905933454,10.366714905933454,0.0
1993-01-01,7.3,3.2537960954446943,10.553796095444694,0.0
1993-02-01,7.1,3.2467532467532534,10.346753246753252,0.0
1993-03-01,7.0,3.0194104960460155,10.019410496046016,0.0
1993-04-01,7.1,3.1563845050215145,10.256384505021515,0.0
1993-05-01,7.1,3.2211882605583497,10.32118826055835,0.0
1993-06-01,7.0,2.9978586723768963,9.997858672376896,0.0
1993-07-01,6.9,2.8469750889679624,9.746975088967963,0.0
1993-08-01,6.8,2.840909090909083,9.640909090909084,0.0
1993-09-01,6.7,2.7639971651311157,9.463997165131115,0.0
1993-10-01,6.8,2.752293577981657,9.552293577981658,0.0
1993-11-01,6.6,2.7445460942997935,9.344546094299794,0.0
1993-12-01,6.5,2.8109627547435068,9.310962754743507,0.0
1994-01-01,6.6,2.450980392156854,9.050980392156854,0.0
1994-02-01,6.6,2.515723270440251,9.11572327044025,0.0
1994-03-01,6.5,2.6517794836008246,9.151779483600825,0.0
1994-04-01,6.4,2.364394993045882,8.764394993045883,0.0
1994-05-01,6.1,2.288488210818307,8.388488210818306,0.0
1994-06-01,6.1,2.494802494802495,8.594802494802494,0.0
1994-07-01,6.1,2.69896193771626,8.79896193771626,0.0
1994-08-01,6.0,2.900552486187835,8.900552486187834,0.0
1994-09-01,5.9,2.965517241379323,8.865517241379322,0.0
1994-10-01,5.8,2.609890109890123,8.409890109890123,0.0
1994-11-01,5.6,2.602739726027403,8.202739726027403,0.0
1994-12-01,5.5,2.597402597402576,8.097402597402576,0.0
1995-01-01,5.6,2.8708133971291794,8.470813397129179,0.0
1995-02-01,5.4,2.862985685071595,8.262985685071595,0.0
1995-03-01,5.4,2.7872195785180187,8.187219578518018,0.0
1995-04-01,5.8,3.125000000000022,8.925000000000022,0.0
1995-05-01,5.6,3.1186440677966054,8.718644067796605,0.0
1995-06-01,5.6,3.0425963488843744,8.642596348884375,0.0
1995-07-01,5.7,2.8301886792452713,8.53018867924527,0.0
1995-08-01,5.7,2.6174496644295386,8.317449664429539,0.0
1995-09-01,5.6,2.54521098459477,8.145210984594769,0.0
1995-10-01,5.5,2.7443105756358666,8.244310575635867,0.0
1995-11-01,5.6,2.603471295060067,8.203471295060066,0.0
1995-12-01,5.6,2.5316455696202667,8.131645569620266,0.0
1996-01-01,5.6,2.7906976744185963,8.390697674418597,0.0
1996-02-01,5.5,2.717031146454607,8.217031146454607,0.0
1996-03-01,5.5,2.8439153439153486,8.343915343915349,0.0
1996-04-01,5.6,2.832674571805005,8.432674571805006,0.0
1996-05-01,5.6,2.827087442472065,8.427087442472065,0.0
1996-06-01,5.3,2.8215223097112663,8.121522309711267,0.0
1996-07-01,5.5,2.8833551769331667,8.383355176933167,0.0
1996-08-01,5.1,2.8122956180510084,7.912295618051008,0.0
1996-09-01,5.2,3.0045721750489918,8.204572175048991,0.0
1996-10-01,5.2,3.0618892508143203,8.26188925081432,0.0
1996-11-01,5.4,3.2530904359141077,8.653090435914109,0.0
1996-12-01,5.4,3.378817413905133,8.778817413905134,0.0
1997-01-01,5.3,3.0381383322559907,8.33813833225599,0.0
1997-02-01,5.2,3.0322580645161246,8.232258064516124,0.0
1997-03-01,5.2,2.7652733118971096,7.96527331189711,0.0
1997-04-01,5.1,2.434336963484962,7.534336963484962,0.0
1997-05-01,4.9,2.237851662404089,7.137851662404089,0.0
1997-06-01,5.0,2.233567326100827,7.233567326100827,0.0
1997-07-01,4.9,2.165605095541401,7.065605095541401,0.0
1997-08-01,4.8,2.2900763358778775,7.090076335877877,0.0
1997-09-01,4.9,2.21940393151554,7.11940393151554,0.0
1997-10-01,4.7,2.0859671302149163,6.7859671302149165,0.0
1997-11-01,4.6,1.8903591682419618,6.4903591682419615,0.0
1997-12-01,4.7,1.6970458830924073,6.3970458830924075,0.0
1998-01-01,4.6,1.6311166875784044,6.231116687578404,0.0
1998-02-01,4.6,1.440200375704448,6.040200375704448,0.0
1998-03-01,4.7,1.3767209011263937,6.076720901126394,0.0
1998-04-01,4.3,1.4383989993745905,5.73839899937459,0.0
1998-05-01,4.4,1.6885553470919357,6.088555347091936,0.0
1998-06-01,4.5,1.6229712858926382,6.122971285892638,0.0
1998-07-01,4.5,1.74563591022443,6.24563591022443,0.0
1998-08-01,4.5,1.6169154228855787,6.116915422885579,0.0
1998-09-01,4.6,1.4267990074441794,6.026799007444179,0.0
1998-10-01,4.5,1.4860681114551078,5.986068111455108,0.0
1998-11-01,4.4,1.4842300556586308,5.884230055658631,0.0
1998-12-01,4.4,1.606922126081578,6.006922126081578,0.0
1999-01-01,4.3,1.6666666666666607,5.966666666666661,0.0
1999-02-01,4.4,1.6666666666666607,6.066666666666661,0.0
1999-03-01,4.2,1.7283950617283939,5.928395061728394,0.0
1999-04-01,4.3,2.281134401972884,6.581134401972884,0.0
1999-05-01,4.2,2.091020910209096,6.291020910209096,0.0
1999-06-01,4.3,1.9656019656019597,6.2656019656019595,0.0
1999-07-01,4.3,2.1446078431372584,6.444607843137258,0.0
1999-08-01,4.2,2.2643818849449104,6.464381884944911,0.0
1999-09-01,4.2,2.629969418960254,6.829969418960254,0.0
1999-10-01,4.1,2.56253813300793,6.66253813300793,0.0
1999-11-01,4.1,2.6203534430225606,6.72035344302256,0.0
1999-12-01,4.0,2.676399026763998,6.676399026763998,0.0
2000-01-01,4.0,2.792956891317555,6.792956891317555,0.0
2000-02-01,4.1,3.2179720704310855,7.317972070431085,0.0
2000-03-01,4.0,3.762135922330101,7.762135922330101,0.0
2000-04-01,3.8,3.013863773357439,6.813863773357439,0.0
2000-05-01,4.0,3.1325301204819134,7.132530120481913,0.0
2000-06-01,4.0,3.7349397590361377,7.734939759036138,0.0
2000-07-01,4.0,3.5992801439711952,7.599280143971195,0.0
2000-08-01,4.1,3.3512866546977715,7.451286654697771,0.0
2000-09-01,3.9,3.45649582836709,7.356495828367089,0.0
2000-10-01,3.9,3.4503271861986873,7.350327186198687,0.0
2000-11-01,3.9,3.444180522565321,7.3441805225653205,0.0
2000-12-01,3.9,3.4360189573459543,7.336018957345955,0.0
2001-01-01,4.2,3.7212049616065945,7.921204961606595,0.0
2001-02-01,4.2,3.529411764705892,7.729411764705892,0.0
2001-03-01,4.3,2.9824561403508643,7.282456140350864,0.0
2001-04-01,4.4,3.2182562902282053,7.618256290228206,1.0
2001-05-01,4.3,3.5630841121495394,7.863084112149539,1.0
2001-06-01,4.5,3.193960511033689,7.693960511033689,1.0
2001-07-01,4.6,2.7214823393167498,7.321482339316749,1.0
2001-08-01,4.9,2.7214823393167498,7.62148233931675,1.0
2001-09-01,5.0,2.5921658986175045,7.5921658986175045,1.0
2001-10-01,5.3,2.127659574468077,7.427659574468077,1.0
2001-11-01,5.5,1.894374282433997,7.394374282433997,1.0
2001-12-01,5.7,1.603665521191311,7.303665521191311,0.0
2002-01-01,5.7,1.1958997722095743,6.8958997722095745,0.0
2002-02-01,5.7,1.1363636363636465,6.836363636363647,0.0
2002-03-01,5.7,1.3628620102214661,7.062862010221466,0.0
2002-04-01,5.9,1.643990929705219,7.5439909297052195,0.0
2002-05-01,5.8,1.2408347433727984,7.040834743372798,0.0
2002-06-01,5.8,1.0692177827799743,6.869217782779974,0.0
2002-07-01,5.8,1.465614430665152,7.265614430665152,0.0
2002-08-01,5.7,1.747463359639223,7.447463359639223,0.0
2002-09-01,5.7,1.516002245929271,7.216002245929271,0.0
2002-10-01,5.7,2.0270270270270174,7.727027027027018,0.0
2002-11-01,5.9,2.2535211267605604,8.15352112676056,0.0
2002-12-01,6.0,2.4802705749718212,8.480270574971822,0.0
2003-01-01,5.8,2.757456387169399,8.557456387169399,0.0
2003-02-01,5.9,3.146067415730336,9.046067415730336,0.0
2003-03-01,5.9,3.025210084033625,8.925210084033626,0.0
2003-04-01,6.0,2.175125488008911,8.175125488008911,0.0
2003-05-01,6.1,1.8941504178273005,7.9941504178273,0.0
2003-06-01,6.3,1.948775055679297,8.248775055679296,0.0
2003-07-01,6.2,2.055555555555544,8.255555555555544,0.0
2003-08-01,6.1,2.216066481994461,8.316066481994461,0.0
2003-09-01,6.1,2.378318584070782,8.47831858407078,0.0
2003-10-01,6.0,2.041942604856528,8.041942604856528,0.0
2003-11-01,5.8,1.9283746556473913,7.728374655647391,0.0
2003-12-01,5.7,2.0352035203520247,7.735203520352025,0.0
2004-01-01,5.7,2.026286966046009,7.726286966046009,0.0
2004-02-01,5.6,1.688453159041381,7.288453159041381,0.0
2004-03-01,5.8,1.7400761283306032,7.540076128330603,0.0
2004-04-01,5.6,2.2925764192139875,7.892576419213987,0.0
2004-05-01,5.6,2.8977583378895444,8.497758337889543,0.0
2004-06-01,5.6,3.1676679410158393,8.767667941015839,0.0
2004-07-01,5.5,2.939575394665228,8.439575394665228,0.0
2004-08-01,5.4,2.5474254742547275,7.947425474254728,0.0
2004-09-01,5.4,2.5391680172879516,7.939168017287952,0.0
2004-10-01,5.5,3.1909140075716547,8.690914007571655,0.0
2004-11-01,5.4,3.621621621621607,9.021621621621607,0.0
2004-12-01,5.4,3.3423180592991875,8.742318059299187,0.0
2005-01-01,5.3,2.8448738593666034,8.144873859366603,0.0
2005-02-01,5.4,3.0530262453133394,8.453026245313339,0.0
2005-03-01,5.2,3.2068412613575736,8.406841261357574,0.0
2005-04-01,5.2,3.3617929562433257,8.561792956243327,0.0
2005-05-01,5.1,2.869287991498415,7.9692879914984145,0.0
2005-06-01,5.0,2.541026998411855,7.541026998411855,0.0
2005-07-01,5.0,3.067160232681121,8.067160232681122,0.0
2005-08-01,4.9,3.6469344608879517,8.546934460887952,0.0
2005-09-01,5.0,4.741833508956805,9.741833508956805,0.0
2005-10-01,5.0,4.350104821802936,9.350104821802937,0.0
2005-11-01,5.0,3.3385498174230532,8.338549817423054,0.0
2005-12-01,4.9,3.3385498174230532,8.238549817423053,0.0
2006-01-01,4.7,4.018789144050117,8.718789144050117,0.0
2006-02-01,4.8,3.63825363825363,8.43825363825363,0.0
2006-03-01,4.7,3.4179181771103018,8.117918177110301,0.0
2006-04-01,4.7,3.613835828600931,8.313835828600931,0.0
2006-05-01,4.6,3.9772727272727293,8.577272727272728,0.0
2006-06-01,4.6,4.1817243159525175,8.781724315952516,0.0
2006-07-01,4.7,4.104669061056954,8.804669061056954,0.0
2006-08-01,4.7,3.926568077511483,8.626568077511482,0.0
2006-09-01,4.5,2.012072434607637,6.512072434607637,0.0
2006-10-01,4.4,1.4063284781516971,5.8063284781516975,0.0
2006-11-01,4.5,1.9687026754164672,6.468702675416467,0.0
2006-12-01,4.4,2.5239777889954462,6.923977788995447,0.0
2007-01-01,4.6,2.075765178123423,6.675765178123423,0.0
2007-02-01,4.5,2.420260782347028,6.920260782347028,0.0
2007-03-01,4.4,2.798197295943927,7.1981972959439275,0.0
2007-04-01,4.5,2.5929247633283525,7.0929247633283525,0.0
2007-05-01,4.4,2.709885742672613,7.109885742672613,0.0
2007-06-01,4.6,2.692765113974227,7.292765113974227,0.0
2007-07-01,4.7,2.3178905864958077,7.017890586495808,0.0
2007-08-01,4.6,1.897448478900876,6.497448478900876,0.0
2007-09-01,4.7,2.8338264299802685,7.533826429980269,0.0
2007-10-01,4.7,3.610698365527476,8.310698365527475,0.0
2007-11-01,4.7,4.373267326732666,9.073267326732665,0.0
2007-12-01,5.0,4.108813392417532,9.108813392417531,0.0
2008-01-01,5.0,4.294695655165981,9.294695655165981,1.0
2008-02-01,4.9,4.142959270611968,9.042959270611968,1.0
2008-03-01,5.1,3.9749035501344343,9.074903550134433,1.0
2008-04-01,5.0,3.9037609759888126,8.903760975988813,1.0
2008-05-01,5.4,4.088413823123993,9.488413823123993,1.0
2008-06-01,5.6,4.935966105947864,10.535966105947864,1.0
2008-07-01,5.8,5.497512078341837,11.297512078341837,1.0
2008-08-01,6.1,5.308017162091239,11.408017162091237,1.0
2008-09-01,6.1,4.953319875136075,11.053319875136076,1.0
2008-10-01,6.5,3.7310578899565128,10.231057889956514,1.0
2008-11-01,6.8,1.0999174706166848,7.899917470616685,1.0
2008-12-01,7.3,-0.02222800255385904,7.277771997446141,1.0
2009-01-01,7.8,-0.11358601902212717,7.686413980977873,1.0
2009-02-01,8.3,0.008463140671510772,8.308463140671511,1.0
2009-03-01,8.7,-0.4464787676623838,8.253521232337615,1.0
2009-04-01,9.0,-0.5763244243767063,8.423675575623294,1.0
2009-05-01,9.4,-1.015761495855172,8.384238504144829,1.0
2009-06-01,9.5,-1.2291746182109153,8.270825381789084,1.0
2009-07-01,9.5,-1.9587610037622771,7.541238996237723,0.0
2009-08-01,9.6,-1.4838355663267633,8.116164433673237,0.0
2009-09-01,9.8,-1.377942862886472,8.422057137113528,0.0
2009-10-01,10.0,-0.22396829420033848,9.776031705799662,0.0
2009-11-01,9.9,1.9145871744709275,11.814587174470928,0.0
2009-12-01,9.9,2.8141231232083674,12.714123123208367,0.0
2010-01-01,9.8,2.6211113889767157,12.421111388976716,0.0
2010-02-01,9.8,2.151336357866529,11.95133635786653,0.0
2010-03-01,9.9,2.2861714393279886,12.186171439327989,0.0
2010-04-01,9.9,2.2067707525304403,12.10677075253044,0.0
2010-05-01,9.6,2.003548929218568,11.603548929218569,0.0
2010-06-01,9.4,1.1215605940686268,10.521560594068628,0.0
2010-07-01,9.4,1.3407784804821077,10.740778480482108,0.0
2010-08-01,9.5,1.1501775395112546,10.650177539511255,0.0
2010-09-01,9.5,1.1183122472331775,10.618312247233177,0.0
2010-10-01,9.4,1.1666951489314625,10.566695148931462,0.0
2010-11-01,9.8,1.084544776600338,10.88454477660034,0.0
2010-12-01,9.3,1.437793022217937,10.737793022217938,0.0
2011-01-01,9.1,1.7007834915029774,10.800783491502976,0.0
2011-02-01,9.0,2.124898173333145,11.124898173333145,0.0
2011-03-01,9.0,2.619241510354109,11.619241510354108,0.0
2011-04-01,9.1,3.0772344447868694,12.177234444786869,0.0
2011-05-01,9.0,3.4589718808964998,12.458971880896499,0.0
2011-06-01,9.1,3.5023181506360412,12.60231815063604,0.0
2011-07-01,9.0,3.5798809769996165,12.579880976999616,0.0
2011-08-01,9.0,3.75499603070808,12.75499603070808,0.0
2011-09-01,9.0,3.812621692818685,12.812621692818684,0.0
2011-10-01,8.8,3.5222681306640524,12.322268130664053,0.0
2011-11-01,8.6,3.451432214581729,12.051432214581729,0.0
2011-12-01,8.5,3.062066838419386,11.562066838419387,0.0
2012-01-01,8.3,3.0087663379855023,11.308766337985503,0.0
2012-02-01,8.3,2.8981784423473878,11.198178442347388,0.0
2012-03-01,8.2,2.5828752813320977,10.782875281332096,0.0
2012-04-01,8.2,2.2731633741348567,10.473163374134856,0.0
2012-05-01,8.2,1.7379429374660749,9.937942937466074,0.0
2012-06-01,8.2,1.653870448297634,9.853870448297634,0.0
2012-07-01,8.2,1.4175114798464783,9.617511479846478,0.0
2012-08-01,8.1,1.6859349154821235,9.785934915482123,0.0
2012-09-01,7.8,1.9497168982819613,9.74971689828196,0.0
2012-10-01,7.8,2.1556780595369363,9.955678059536936,0.0
2012-11-01,7.7,1.7960197033926262,9.496019703392626,0.0
2012-12-01,7.9,1.7595049796895523,9.659504979689553,0.0
2013-01-01,8.0,1.684061762098299,9.684061762098299,0.0
2013-02-01,7.7,2.0181404902574807,9.71814049025748,0.0
2013-03-01,7.5,1.5187472411246183,9.018747241124618,0.0
2013-04-01,7.6,1.138808047576867,8.738808047576867,0.0
2013-05-01,7.5,1.3903888279197085,8.890388827919708,0.0
2013-06-01,7.5,1.7157935271568725,9.215793527156872,0.0
2013-07-01,7.3,1.885471805415806,9.185471805415805,0.0
2013-08-01,7.2,1.538809488600279,8.738809488600278,0.0
2013-09-01,7.2,1.0947341081747997,8.2947341081748,0.0
2013-10-01,7.2,0.8767991434911471,8.076799143491147,0.0
2013-11-01,6.9,1.2328701961954458,8.132870196195446,0.0
2013-12-01,6.7,1.5128383667573297,8.21283836675733,0.0
2014-01-01,6.6,1.557758795574915,8.157758795574914,0.0
2014-02-01,6.7,1.1204746347724948,7.820474634772495,0.0
2014-03-01,6.7,1.6126949139408042,8.312694913940804,0.0
2014-04-01,6.2,2.015125303606169,8.215125303606168,0.0
2014-05-01,6.3,2.166947687079812,8.466947687079813,0.0
2014-06-01,6.1,2.0589816945944195,8.15898169459442,0.0
2014-07-01,6.2,1.9742378703305974,8.174237870330597,0.0
2014-08-01,6.1,1.7150983482969062,7.815098348296906,0.0
2014-09-01,5.9,1.6840509711232077,7.584050971123208,0.0
2014-10-01,5.7,1.6095417021513292,7.309541702151329,0.0
2014-11-01,5.8,1.231524989320798,7.031524989320798,0.0
2014-12-01,5.6,0.6531213919623191,6.253121391962319,0.0
2015-01-01,5.7,-0.22993097820542818,5.470069021794572,0.0
2015-02-01,5.5,-0.08703146293520536,5.412968537064795,0.0
2015-03-01,5.4,-0.022031284423873476,5.377968715576127,0.0
2015-04-01,5.4,-0.10403098939391064,5.29596901060609,0.0
2015-05-01,5.6,0.03503321824429584,5.6350332182442955,0.0
2015-06-01,5.3,0.1795718097550525,5.479571809755052,0.0
2015-07-01,5.2,0.22568611104094582,5.425686111040946,0.0
2015-08-01,5.1,0.2413037985344868,5.3413037985344864,0.0
2015-09-01,5.0,0.008842961634170088,5.00884296163417,0.0
2015-10-01,5.0,0.12761656067050708,5.127616560670507,0.0
2015-11-01,5.1,0.4363182169185187,5.536318216918518,0.0
2015-12-01,5.0,0.6387247515364791,5.638724751536479,0.0
2016-01-01,4.8,1.2375025026943876,6.037502502694387,0.0
2016-02-01,4.9,0.8472775790126619,5.747277579012662,0.0
2016-03-01,5.0,0.8916160965521946,5.891616096552195,0.0
2016-04-01,5.1,1.1726257503534843,6.272625750353484,0.0
2016-05-01,4.8,1.0784764621246223,5.878476462124622,0.0
2016-06-01,4.9,1.0792865347959424,5.979286534795943,0.0
2016-07-01,4.8,0.8683633430518256,5.668363343051825,0.0
2016-08-01,4.9,1.0553158595656864,5.955315859565687,0.0
2016-09-01,5.0,1.5486446201652182,6.548644620165218,0.0
2016-10-01,4.9,1.685924966243646,6.585924966243646,0.0
2016-11-01,4.7,1.6843334719788938,6.384333471978894,0.0
2016-12-01,4.7,2.0507989115119862,6.750798911511986,0.0
2017-01-01,4.7,2.5103933482571117,7.210393348257112,0.0
2017-02-01,4.6,2.8103616813294208,7.41036168132942,0.0
2017-03-01,4.4,2.44119623655914,6.84119623655914,0.0
2017-04-01,4.4,2.176223471915395,6.576223471915395,0.0
2017-05-01,4.4,1.8563431667619756,6.256343166761976,0.0
2017-06-01,4.3,1.640565809959127,5.940565809959127,0.0
2017-07-01,4.3,1.7251073506566073,6.025107350656607,0.0
2017-08-01,4.4,1.92812155729698,6.3281215572969804,0.0
2017-09-01,4.3,2.1805652303711787,6.4805652303711785,0.0
2017-10-01,4.2,2.020757753132485,6.220757753132485,0.0
2017-11-01,4.2,2.172493864295566,6.372493864295566,0.0
2017-12-01,4.1,2.129930719552253,6.229930719552253,0.0
2018-01-01,4.0,2.151318868063945,6.151318868063945,0.0
2018-02-01,4.1,2.263468931091861,6.363468931091861,0.0
2018-03-01,4.0,2.3309497646499366,6.330949764649937,0.0
2018-04-01,4.0,2.4709963021052994,6.470996302105299,0.0
2018-05-01,3.8,2.781921607842497,6.581921607842497,0.0
2018-06-01,4.0,2.8075506935940187,6.807550693594019,0.0
2018-07-01,3.8,2.854124785561929,6.654124785561929,0.0
2018-08-01,3.8,2.6429238568742575,6.442923856874257,0.0
2018-09-01,3.7,2.332055105808828,6.032055105808828,0.0
2018-10-01,3.8,2.492032470218053,6.292032470218053,0.0
2018-11-01,3.8,2.147328577667773,5.947328577667773,0.0
2018-12-01,3.9,2.0023809043401064,5.902380904340106,0.0
2019-01-01,4.0,1.4875893578291333,5.487589357829133,0.0
2019-02-01,3.8,1.5188615351321877,5.3188615351321875,0.0
2019-03-01,3.8,1.8831863513063984,5.683186351306398,0.0
2019-04-01,3.7,2.000583470209061,5.700583470209061,0.0
2019-05-01,3.6,1.7959105553606136,5.395910555360613,0.0
2019-06-01,3.6,1.671194894390049,5.2711948943900495,0.0
2019-07-01,3.7,1.826331335037068,5.526331335037068,0.0
2019-08-01,3.6,1.7376412106666406,5.337641210666641,0.0
2019-09-01,3.5,1.6844977040391562,5.184497704039156,0.0
2019-10-01,3.6,1.7339736996186295,5.33397369961863,0.0
2019-11-01,3.6,2.092290394862917,5.692290394862917,0.0
2019-12-01,3.6,2.3195274699624457,5.919527469962446,0.0
2020-01-01,3.6,2.599767976845202,6.199767976845202,0.0
2020-02-01,3.5,2.3413166797595197,5.84131667975952,0.0
2020-03-01,4.4,1.4940399642909163,5.894039964290917,1.0
2020-04-01,14.8,0.3130472940411133,15.113047294041113,1.0
2020-05-01,13.2,0.1982013035848551,13.398201303584855,0.0
2020-06-01,11.0,0.7166562831830481,11.716656283183049,0.0
2020-07-01,10.2,0.9968647625897997,11.196864762589799,0.0
2020-08-01,8.4,1.2810698495523853,9.681069849552387,0.0
2020-09-01,7.8,1.3910228912373812,9.191022891237381,0.0
2020-10-01,6.9,1.2303863428671624,8.130386342867162,0.0
2020-11-01,6.7,1.1757452138405844,7.875745213840585,0.0
2020-12-01,6.7,1.3204191315779434,8.020419131577944,0.0
2021-01-01,6.4,1.3738437137002402,7.7738437137002405,0.0
2021-02-01,6.2,1.6698167791706853,7.8698167791706855,0.0
2021-03-01,6.1,2.6678187820641908,8.76781878206419,0.0
2021-04-01,6.1,4.133077115360573,10.233077115360572,0.0
2021-05-01,5.8,4.918257089467626,10.718257089467626,0.0
2021-06-01,5.9,5.295632620349999,11.19563262035,0.0
2021-07-01,5.4,5.245169381309234,10.645169381309234,0.0
2021-08-01,5.1,5.152015301793966,10.252015301793966,0.0
2021-09-01,4.7,5.351215590949132,10.051215590949132,0.0
2021-10-01,4.5,6.235042390298062,10.735042390298062,0.0
2021-11-01,4.1,6.901970403700863,11.001970403700863,0.0
2021-12-01,3.9,7.174340285065539,11.074340285065539,0.0
2022-01-01,4.0,7.558805726967832,11.558805726967833,0.0
2022-02-01,3.9,7.937278766517819,11.83727876651782,0.0
2022-03-01,3.7,8.572204966013853,12.272204966013852,0.0
2022-04-01,3.7,8.231750770777225,11.931750770777224,0.0
2022-05-01,3.6,8.538171195642065,12.138171195642064,0.0
2022-06-01,3.6,8.979361103105798,12.579361103105798,0.0
2022-07-01,3.5,8.462576727730099,11.962576727730099,0.0
2022-08-01,3.6,8.222579178218826,11.822579178218826,0.0
2022-09-01,3.5,8.192106896425821,11.692106896425821,0.0
2022-10-01,3.6,7.758813957693,11.358813957693,0.0
2022-11-01,3.6,7.122856456533988,10.722856456533988,0.0
2022-12-01,3.5,6.404600402357152,9.904600402357152,0.0
2023-01-01,3.5,6.327178517960097,9.827178517960096,0.0
2023-02-01,3.6,5.957820738137087,9.557820738137087,0.0
2023-03-01,3.5,4.917719362889961,8.417719362889962,0.0
2023-04-01,3.4,4.950079879124369,8.350079879124369,0.0
2023-05-01,3.6,4.131851231385042,7.731851231385042,0.0
2023-06-01,3.6,3.070617072997095,6.670617072997095,0.0
2023-07-01,3.5,3.287749268428297,6.787749268428297,0.0
2023-08-01,3.7,3.722504803505289,7.422504803505289,0.0
2023-09-01,3.7,3.687206638119256,7.387206638119256,0.0
2023-10-01,3.9,3.2512659098611785,7.151265909861179,0.0
2023-11-01,3.7,3.1333462745911866,6.833346274591187,0.0
2023-12-01,3.8,3.3159099427102934,7.115909942710293,0.0
2024-01-01,3.7,3.0883429864855705,6.788342986485571,0.0
2024-02-01,3.9,3.157074141648697,7.057074141648696,0.0
2024-03-01,3.9,3.4868349120836584,7.386834912083659,0.0
2024-04-01,3.9,3.3607951262196734,7.260795126219673,0.0
2024-05-01,3.9,3.244278584003113,7.144278584003112,0.0
2024-06-01,4.1,2.9702579486470926,7.070257948647092,0.0
2024-07-01,4.2,2.9414757935583014,7.1414757935583015,0.0
2024-08-01,4.2,2.607144490692037,6.807144490692037,0.0
2024-09-01,4.1,2.4264830315416708,6.52648303154167,0.0
2024-10-01,4.1,2.578844053871343,6.678844053871343,0.0
2024-11-01,4.2,2.719472461284833,6.919472461284833,0.0
2024-12-01,4.1,2.870690967509981,6.970690967509981,0.0
2025-01-01,4.0,2.9909783078999608,6.990978307899961,0.0
2025-02-01,4.2,2.8015834477613355,7.001583447761336,0.0
2025-03-01,4.2,2.381981462805549,6.581981462805549,0.0
2025-04-01,4.2,2.32538823025783,6.52538823025783,0.0
2025-05-01,4.3,2.3772651073680873,6.677265107368087,0.0
2025-06-01,4.1,2.680453865910226,6.780453865910226,0.0
2025-07-01,4.3,2.742618052167134,7.042618052167134,0.0
2025-08-01,4.3,2.9385917430316155,7.238591743031615,0.0
2025-09-01,4.4,3.0225715847133294,7.42257158471333,0.0
2025-11-01,4.5,2.6964439164939513,7.196443916493951,0.0
2025-12-01,4.4,2.653304114557753,7.053304114557753,0.0
2026-01-01,4.3,2.391201432150014,6.691201432150014,0.0
2026-02-01,4.4,2.4340041103732224,6.834004110373223,0.0
