date,unemployment,inflation,period
1971-01-01,5.9,5.277044854881274,1970s
1971-02-01,5.9,4.724409448818889,1970s
1971-03-01,6.0,4.438642297650142,1970s
1971-04-01,5.9,4.155844155844157,1970s
1971-05-01,5.9,4.404145077720201,1970s
1971-06-01,5.9,4.381443298969079,1970s
1971-07-01,6.0,4.370179948586128,1970s
1971-08-01,6.1,4.358974358974366,1970s
1971-09-01,6.0,4.081632653061207,1970s
1971-10-01,5.8,3.8071065989847774,1970s
1971-11-01,6.0,3.535353535353525,1970s
1971-12-01,6.0,3.266331658291466,1970s
1972-01-01,5.8,3.2581453634085378,1970s
1972-02-01,5.7,3.759398496240607,1970s
1972-03-01,5.8,3.499999999999992,1970s
1972-04-01,5.7,3.4912718204488824,1970s
1972-05-01,5.7,3.2258064516129226,1970s
1972-06-01,5.7,2.9629629629629672,1970s
1972-07-01,5.6,2.9556650246305383,1970s
1972-08-01,5.6,2.9484029484029284,1970s
1972-09-01,5.5,3.1862745098039325,1970s
1972-10-01,5.6,3.1784841075794823,1970s
1972-11-01,5.3,3.4146341463414664,1970s
1972-12-01,5.2,3.406326034063256,1970s
1973-01-01,4.9,3.6407766990291357,1970s
1973-02-01,5.0,3.864734299516903,1970s
1973-03-01,4.9,4.8309178743961345,1970s
1973-04-01,5.0,5.301204819277117,1970s
1973-05-01,4.9,5.528846153846145,1970s
1973-06-01,4.9,5.995203836930463,1970s
1973-07-01,4.8,5.741626794258381,1970s
1973-08-01,4.8,7.398568019093088,1970s
1973-09-01,4.8,7.3634204275534465,1970s
1973-10-01,4.6,8.056872037914697,1970s
1973-11-01,4.8,8.25471698113207,1970s
1973-12-01,4.9,8.94117647058823,1970s
1974-01-01,5.1,9.601873536299754,1970s
1974-02-01,5.2,9.999999999999986,1970s
1974-03-01,5.1,10.138248847926267,1970s
1974-04-01,5.1,10.068649885583515,1970s
1974-05-01,5.1,10.70615034168565,1970s
1974-06-01,5.4,10.859728506787313,1970s
1974-07-01,5.5,11.538461538461519,1970s
1974-08-01,5.5,10.888888888888882,1970s
1974-09-01,5.9,11.946902654867241,1970s
1974-10-01,6.0,11.842105263157897,1970s
1974-11-01,6.6,12.200435729847502,1970s
1974-12-01,7.2,12.095032397408211,1970s
1975-01-01,8.1,11.752136752136755,1970s
1975-02-01,8.1,11.205073995771686,1970s
1975-03-01,8.6,10.460251046025103,1970s
1975-04-01,8.8,10.187110187110182,1970s
1975-05-01,9.0,9.259259259259256,1970s
1975-06-01,8.8,9.183673469387754,1970s
1975-07-01,8.6,9.533468559837743,1970s
1975-08-01,8.4,8.617234468937895,1970s
1975-09-01,8.4,7.905138339920947,1970s
1975-10-01,8.4,7.647058823529407,1970s
1975-11-01,8.3,7.37864077669903,1970s
1975-12-01,8.2,7.129094412331405,1970s
1976-01-01,7.9,6.692160611854692,1970s
1976-02-01,7.7,6.273764258555126,1970s
1976-03-01,7.6,6.060606060606055,1970s
1976-04-01,7.7,5.849056603773595,1970s
1976-05-01,7.4,6.214689265536721,1970s
1976-06-01,7.6,5.981308411214958,1970s
1976-07-01,7.8,5.555555555555558,1970s
1976-08-01,7.8,5.719557195571956,1970s
1976-09-01,7.6,5.494505494505497,1970s
1976-10-01,7.7,5.464480874316946,1970s
1976-11-01,7.8,5.063291139240511,1970s
1976-12-01,7.8,5.035971223021574,1970s
1977-01-01,7.5,5.197132616487465,1970s
1977-02-01,7.6,6.082289803220031,1970s
1977-03-01,7.4,6.428571428571428,1970s
1977-04-01,7.2,6.951871657754016,1970s
1977-05-01,7.0,6.737588652482285,1970s
1977-06-01,7.2,6.701940035273357,1970s
1977-07-01,6.9,6.666666666666665,1970s
1977-08-01,7.0,6.631762652705064,1970s
1977-09-01,6.8,6.423611111111094,1970s
1977-10-01,6.8,6.390328151986191,1970s
1977-11-01,6.8,6.712564543889843,1970s
1977-12-01,6.4,6.67808219178081,1970s
1978-01-01,6.4,6.814310051107331,1970s
1978-02-01,6.3,6.2394603709949426,1970s
1978-03-01,6.3,6.375838926174482,1970s
1978-04-01,6.1,6.499999999999995,1970s
1978-05-01,6.0,7.14285714285714,1970s
1978-06-01,5.9,7.438016528925617,1970s
1978-07-01,6.2,7.7302631578947345,1970s
1978-08-01,5.9,7.855973813420625,1970s
1978-09-01,6.0,8.482871125611746,1970s
1978-10-01,5.8,8.92857142857142,1970s
1978-11-01,5.9,8.870967741935477,1970s
1978-12-01,6.0,8.988764044943842,1970s
1979-01-01,5.9,9.250398724082931,1970s
1979-02-01,5.9,9.84126984126985,1970s
1979-03-01,5.8,10.252365930599371,1970s
1979-04-01,5.8,10.485133020344284,1970s
1979-05-01,5.6,10.697674418604652,1970s
1979-06-01,5.7,11.076923076923073,1970s
1979-07-01,5.7,11.45038167938932,1970s
1979-08-01,6.0,11.836115326251884,1970s
1979-09-01,5.9,11.879699248120312,1970s
1979-10-01,6.0,12.071535022354718,1970s
1979-11-01,5.9,12.592592592592599,1970s
1979-12-01,6.0,13.254786450662737,1970s
1980-01-01,6.3,13.868613138686126,1980s
1980-02-01,6.3,14.161849710982644,1980s
1980-03-01,6.3,14.592274678111572,1980s
1980-04-01,6.9,14.589235127478762,1980s
1980-05-01,7.5,14.425770308123242,1980s
1980-06-01,7.6,14.265927977839322,1980s
1980-07-01,7.8,13.15068493150684,1980s
1980-08-01,7.7,12.890094979647216,1980s
1980-09-01,7.5,12.768817204301076,1980s
1980-10-01,7.5,12.632978723404253,1980s
1980-11-01,7.5,12.631578947368416,1980s
1980-12-01,7.2,12.353706111833551,1980s
1981-01-01,7.5,11.794871794871797,1980s
1981-02-01,7.4,11.392405063291132,1980s
1981-03-01,7.4,10.611735330836458,1980s
1981-04-01,7.2,10.135970333745359,1980s
1981-05-01,7.5,9.79192166462668,1980s
1981-06-01,7.5,9.696969696969692,1980s
1981-07-01,7.2,10.774818401937058,1980s
1981-08-01,7.4,10.817307692307686,1980s
1981-09-01,7.6,10.96543504171632,1980s
1981-10-01,7.9,10.271546635182993,1980s
1981-11-01,8.3,9.579439252336464,1980s
1981-12-01,8.5,8.912037037037024,1980s
1982-01-01,8.6,8.25688073394495,1980s
1982-02-01,8.9,7.613636363636367,1980s
1982-03-01,9.0,6.884875846501148,1980s
1982-04-01,9.3,6.621773288439958,1980s
1982-05-01,9.4,6.911928651059096,1980s
1982-06-01,9.6,7.182320441988943,1980s
1982-07-01,9.8,6.557377049180335,1980s
1982-08-01,9.8,5.965292841648595,1980s
1982-09-01,10.1,4.940923737916236,1980s
1982-10-01,10.4,5.032119914346889,1980s
1982-11-01,10.8,4.47761194029852,1980s
1982-12-01,10.8,3.825717321997879,1980s
1983-01-01,10.4,3.7076271186440746,1980s
1983-02-01,10.4,3.484688489968324,1980s
1983-03-01,10.3,3.5902851108764455,1980s
1983-04-01,10.2,4.0000000000000036,1980s
1983-05-01,10.1,3.44108446298228,1980s
1983-06-01,10.1,2.4742268041237248,1980s
1983-07-01,9.4,2.358974358974364,1980s
1983-08-01,9.5,2.456499488229258,1980s
1983-09-01,9.2,2.763561924257929,1980s
1983-10-01,8.8,2.752293577981657,1980s
1983-11-01,8.5,3.1632653061224536,1980s
1983-12-01,8.3,3.7871033776867957,1980s
1984-01-01,8.0,4.290091930541351,1980s
1984-02-01,7.8,4.693877551020398,1980s
1984-03-01,7.8,4.892966360856277,1980s
1984-04-01,7.7,4.5546558704453455,1980s
1984-05-01,7.4,4.3346774193548265,1980s
1984-06-01,7.2,4.325955734406439,1980s
1984-07-01,7.5,4.308617234468937,1980s
1984-08-01,7.5,4.295704295704317,1980s
1984-09-01,7.3,4.2828685258964105,1980s
1984-10-01,7.4,4.265873015873023,1980s
1984-11-01,7.2,4.154302670623156,1980s
1984-12-01,7.3,4.043392504930954,1980s
1985-01-01,7.3,3.52595494613126,1980s
1985-02-01,7.2,3.6062378167641462,1980s
1985-03-01,7.2,3.790087463556846,1980s
1985-04-01,7.3,3.581800580832528,1980s
1985-05-01,7.2,3.5748792270531515,1980s
1985-06-01,7.4,3.6644165863066513,1980s
1985-07-01,7.4,3.458213256484166,1980s
1985-08-01,7.1,3.3524904214559337,1980s
1985-09-01,7.1,3.2473734479465,1980s
1985-10-01,7.1,3.2350142721217834,1980s
1985-11-01,7.0,3.5137701804368593,1980s
1985-12-01,7.0,3.791469194312791,1980s
1986-01-01,6.7,3.9735099337748325,1980s
1986-02-01,7.2,3.19849482596426,1980s
1986-03-01,7.2,2.1535580524344455,1980s
1986-04-01,7.1,1.5887850467289688,1980s
1986-05-01,7.2,1.679104477611948,1980s
1986-06-01,7.2,1.7674418604651132,1980s
1986-07-01,7.0,1.671309192200554,1980s
1986-08-01,6.9,1.575532900834098,1980s
1986-09-01,7.0,1.757631822386685,1980s
1986-10-01,7.0,1.5668202764977046,1980s
1986-11-01,6.9,1.2844036697247763,1980s
1986-12-01,6.6,1.187214611872145,1980s
1987-01-01,6.6,1.364877161055511,1980s
1987-02-01,6.6,1.9143117593436676,1980s
1987-03-01,6.6,2.8414298808432603,1980s
1987-04-01,6.3,3.679852805887762,1980s
1987-05-01,6.3,3.669724770642202,1980s
1987-06-01,6.2,3.7477148080438782,1980s
1987-07-01,6.1,3.926940639269394,1980s
1987-08-01,6.0,4.2883211678832245,1980s
1987-09-01,5.9,4.2727272727272725,1980s
1987-10-01,6.0,4.355716878402904,1980s
1987-11-01,5.8,4.528985507246386,1980s
1987-12-01,5.7,4.332129963898912,1980s
1988-01-01,5.7,4.129263913824044,1980s
1988-02-01,5.7,3.9355992844364973,1980s
1988-03-01,5.7,3.832442067736186,1980s
1988-04-01,5.4,3.9929015084294583,1980s
1988-05-01,5.6,3.9823008849557473,1980s
1988-06-01,5.4,3.96475770925111,1980s
1988-07-01,5.4,4.130052724077338,1980s
1988-08-01,5.6,4.111986001749779,1980s
1988-09-01,5.4,4.184829991281602,1980s
1988-10-01,5.4,4.260869565217407,1980s
1988-11-01,5.3,4.246100519930662,1980s
1988-12-01,5.3,4.4117647058823595,1980s
1989-01-01,5.4,4.482758620689653,1980s
1989-02-01,5.2,4.647160068846801,1980s
1989-03-01,5.0,4.892703862660941,1980s
1989-04-01,5.2,5.034129692832767,1980s
1989-05-01,5.2,5.276595744680845,1980s
1989-06-01,5.3,5.1694915254237195,1980s
1989-07-01,5.2,5.063291139240511,1980s
1989-08-01,5.2,4.621848739495804,1980s
1989-09-01,5.3,4.435146443514637,1980s
1989-10-01,5.3,4.587155963302747,1980s
1989-11-01,5.4,4.655029093931851,1980s
1989-12-01,5.4,4.639602319801162,1980s
1990-01-01,5.4,5.198019801980203,1990s
1990-02-01,5.3,5.263157894736836,1990s
1990-03-01,5.2,5.237315875613735,1990s
1990-04-01,5.4,4.711616571892785,1990s
1990-05-01,5.4,4.365400161681476,1990s
1990-06-01,5.2,4.673650282030639,1990s
1990-07-01,5.5,4.819277108433728,1990s
1990-08-01,5.7,5.702811244979911,1990s
1990-09-01,5.9,6.169871794871806,1990s
1990-10-01,5.9,6.379585326953752,1990s
1990-11-01,6.2,6.195393169181873,1990s
1990-12-01,6.3,6.254948535233562,1990s
1991-01-01,6.4,5.647058823529405,1990s
1991-02-01,6.6,5.312500000000009,1990s
1991-03-01,6.8,4.821150855365497,1990s
1991-04-01,6.7,4.809930178432875,1990s
1991-05-01,6.9,5.034856700232382,1990s
1991-06-01,6.9,4.695919938414161,1990s
1991-07-01,6.8,4.367816091954024,1990s
1991-08-01,6.9,3.7993920972644313,1990s
1991-09-01,6.9,3.396226415094339,1990s
1991-10-01,7.0,2.8485757121439192,1990s
1991-11-01,7.0,3.0665669409125185,1990s
1991-12-01,7.3,2.980625931445613,1990s
1992-01-01,7.3,2.672605790645899,1990s
1992-02-01,7.4,2.8189910979228294,1990s
1992-03-01,7.4,3.189910979228472,1990s
1992-04-01,7.4,3.1828275351591495,1990s
1992-05-01,7.6,3.0235988200590036,1990s
1992-06-01,7.8,3.0147058823529305,1990s
1992-07-01,7.7,3.1571218795888534,1990s
1992-08-01,7.6,3.0746705710102518,1990s
1992-09-01,7.6,2.9927007299270114,1990s
1992-10-01,7.3,3.279883381924198,1990s
1992-11-01,7.4,3.1204644412191396,1990s
1992-12-01,7.4,2.966714905933454,1990s
1993-01-01,7.3,3.2537960954446943,1990s
1993-02-01,7.1,3.2467532467532534,1990s
1993-03-01,7.0,3.0194104960460155,1990s
1993-04-01,7.1,3.1563845050215145,1990s
1993-05-01,7.1,3.2211882605583497,1990s
1993-06-01,7.0,2.9978586723768963,1990s
1993-07-01,6.9,2.8469750889679624,1990s
1993-08-01,6.8,2.840909090909083,1990s
1993-09-01,6.7,2.7639971651311157,1990s
1993-10-01,6.8,2.752293577981657,1990s
1993-11-01,6.6,2.7445460942997935,1990s
1993-12-01,6.5,2.8109627547435068,1990s
1994-01-01,6.6,2.450980392156854,1990s
1994-02-01,6.6,2.515723270440251,1990s
1994-03-01,6.5,2.6517794836008246,1990s
1994-04-01,6.4,2.364394993045882,1990s
1994-05-01,6.1,2.288488210818307,1990s
1994-06-01,6.1,2.494802494802495,1990s
1994-07-01,6.1,2.69896193771626,1990s
1994-08-01,6.0,2.900552486187835,1990s
1994-09-01,5.9,2.965517241379323,1990s
1994-10-01,5.8,2.609890109890123,1990s
1994-11-01,5.6,2.602739726027403,1990s
1994-12-01,5.5,2.597402597402576,1990s
1995-01-01,5.6,2.8708133971291794,1990s
1995-02-01,5.4,2.862985685071595,1990s
1995-03-01,5.4,2.7872195785180187,1990s
1995-04-01,5.8,3.125000000000022,1990s
1995-05-01,5.6,3.1186440677966054,1990s
1995-06-01,5.6,3.0425963488843744,1990s
1995-07-01,5.7,2.8301886792452713,1990s
1995-08-01,5.7,2.6174496644295386,1990s
1995-09-01,5.6,2.54521098459477,1990s
1995-10-01,5.5,2.7443105756358666,1990s
1995-11-01,5.6,2.603471295060067,1990s
1995-12-01,5.6,2.5316455696202667,1990s
1996-01-01,5.6,2.7906976744185963,1990s
1996-02-01,5.5,2.717031146454607,1990s
1996-03-01,5.5,2.8439153439153486,1990s
1996-04-01,5.6,2.832674571805005,1990s
1996-05-01,5.6,2.827087442472065,1990s
1996-06-01,5.3,2.8215223097112663,1990s
1996-07-01,5.5,2.8833551769331667,1990s
1996-08-01,5.1,2.8122956180510084,1990s
1996-09-01,5.2,3.0045721750489918,1990s
1996-10-01,5.2,3.0618892508143203,1990s
1996-11-01,5.4,3.2530904359141077,1990s
1996-12-01,5.4,3.378817413905133,1990s
1997-01-01,5.3,3.0381383322559907,1990s
1997-02-01,5.2,3.0322580645161246,1990s
1997-03-01,5.2,2.7652733118971096,1990s
1997-04-01,5.1,2.434336963484962,1990s
1997-05-01,4.9,2.237851662404089,1990s
1997-06-01,5.0,2.233567326100827,1990s
1997-07-01,4.9,2.165605095541401,1990s
1997-08-01,4.8,2.2900763358778775,1990s
1997-09-01,4.9,2.21940393151554,1990s
1997-10-01,4.7,2.0859671302149163,1990s
1997-11-01,4.6,1.8903591682419618,1990s
1997-12-01,4.7,1.6970458830924073,1990s
1998-01-01,4.6,1.6311166875784044,1990s
1998-02-01,4.6,1.440200375704448,1990s
1998-03-01,4.7,1.3767209011263937,1990s
1998-04-01,4.3,1.4383989993745905,1990s
1998-05-01,4.4,1.6885553470919357,1990s
1998-06-01,4.5,1.6229712858926382,1990s
1998-07-01,4.5,1.74563591022443,1990s
1998-08-01,4.5,1.6169154228855787,1990s
1998-09-01,4.6,1.4267990074441794,1990s
1998-10-01,4.5,1.4860681114551078,1990s
1998-11-01,4.4,1.4842300556586308,1990s
1998-12-01,4.4,1.606922126081578,1990s
1999-01-01,4.3,1.6666666666666607,1990s
1999-02-01,4.4,1.6666666666666607,1990s
1999-03-01,4.2,1.7283950617283939,1990s
1999-04-01,4.3,2.281134401972884,1990s
1999-05-01,4.2,2.091020910209096,1990s
1999-06-01,4.3,1.9656019656019597,1990s
1999-07-01,4.3,2.1446078431372584,1990s
1999-08-01,4.2,2.2643818849449104,1990s
1999-09-01,4.2,2.629969418960254,1990s
1999-10-01,4.1,2.56253813300793,1990s
1999-11-01,4.1,2.6203534430225606,1990s
1999-12-01,4.0,2.676399026763998,1990s
2000-01-01,4.0,2.792956891317555,2000s
2000-02-01,4.1,3.2179720704310855,2000s
2000-03-01,4.0,3.762135922330101,2000s
2000-04-01,3.8,3.013863773357439,2000s
2000-05-01,4.0,3.1325301204819134,2000s
2000-06-01,4.0,3.7349397590361377,2000s
2000-07-01,4.0,3.5992801439711952,2000s
2000-08-01,4.1,3.3512866546977715,2000s
2000-09-01,3.9,3.45649582836709,2000s
2000-10-01,3.9,3.4503271861986873,2000s
2000-11-01,3.9,3.444180522565321,2000s
2000-12-01,3.9,3.4360189573459543,2000s
2001-01-01,4.2,3.7212049616065945,2000s
2001-02-01,4.2,3.529411764705892,2000s
2001-03-01,4.3,2.9824561403508643,2000s
2001-04-01,4.4,3.2182562902282053,2000s
2001-05-01,4.3,3.5630841121495394,2000s
2001-06-01,4.5,3.193960511033689,2000s
2001-07-01,4.6,2.7214823393167498,2000s
2001-08-01,4.9,2.7214823393167498,2000s
2001-09-01,5.0,2.5921658986175045,2000s
2001-10-01,5.3,2.127659574468077,2000s
2001-11-01,5.5,1.894374282433997,2000s
2001-12-01,5.7,1.603665521191311,2000s
2002-01-01,5.7,1.1958997722095743,2000s
2002-02-01,5.7,1.1363636363636465,2000s
2002-03-01,5.7,1.3628620102214661,2000s
2002-04-01,5.9,1.643990929705219,2000s
2002-05-01,5.8,1.2408347433727984,2000s
2002-06-01,5.8,1.0692177827799743,2000s
2002-07-01,5.8,1.465614430665152,2000s
2002-08-01,5.7,1.747463359639223,2000s
2002-09-01,5.7,1.516002245929271,2000s
2002-10-01,5.7,2.0270270270270174,2000s
2002-11-01,5.9,2.2535211267605604,2000s
2002-12-01,6.0,2.4802705749718212,2000s
2003-01-01,5.8,2.757456387169399,2000s
2003-02-01,5.9,3.146067415730336,2000s
2003-03-01,5.9,3.025210084033625,2000s
2003-04-01,6.0,2.175125488008911,2000s
2003-05-01,6.1,1.8941504178273005,2000s
2003-06-01,6.3,1.948775055679297,2000s
2003-07-01,6.2,2.055555555555544,2000s
2003-08-01,6.1,2.216066481994461,2000s
2003-09-01,6.1,2.378318584070782,2000s
2003-10-01,6.0,2.041942604856528,2000s
2003-11-01,5.8,1.9283746556473913,2000s
2003-12-01,5.7,2.0352035203520247,2000s
2004-01-01,5.7,2.026286966046009,2000s
2004-02-01,5.6,1.688453159041381,2000s
2004-03-01,5.8,1.7400761283306032,2000s
2004-04-01,5.6,2.2925764192139875,2000s
2004-05-01,5.6,2.8977583378895444,2000s
2004-06-01,5.6,3.1676679410158393,2000s
2004-07-01,5.5,2.939575394665228,2000s
2004-08-01,5.4,2.5474254742547275,2000s
2004-09-01,5.4,2.5391680172879516,2000s
2004-10-01,5.5,3.1909140075716547,2000s
2004-11-01,5.4,3.621621621621607,2000s
2004-12-01,5.4,3.3423180592991875,2000s
2005-01-01,5.3,2.8448738593666034,2000s
2005-02-01,5.4,3.0530262453133394,2000s
2005-03-01,5.2,3.2068412613575736,2000s
2005-04-01,5.2,3.3617929562433257,2000s
2005-05-01,5.1,2.869287991498415,2000s
2005-06-01,5.0,2.541026998411855,2000s
2005-07-01,5.0,3.067160232681121,2000s
2005-08-01,4.9,3.6469344608879517,2000s
2005-09-01,5.0,4.741833508956805,2000s
2005-10-01,5.0,4.350104821802936,2000s
2005-11-01,5.0,3.3385498174230532,2000s
2005-12-01,4.9,3.3385498174230532,2000s
2006-01-01,4.7,4.018789144050117,2000s
2006-02-01,4.8,3.63825363825363,2000s
2006-03-01,4.7,3.4179181771103018,2000s
2006-04-01,4.7,3.613835828600931,2000s
2006-05-01,4.6,3.9772727272727293,2000s
2006-06-01,4.6,4.1817243159525175,2000s
2006-07-01,4.7,4.104669061056954,2000s
2006-08-01,4.7,3.926568077511483,2000s
2006-09-01,4.5,2.012072434607637,2000s
2006-10-01,4.4,1.4063284781516971,2000s
2006-11-01,4.5,1.9687026754164672,2000s
2006-12-01,4.4,2.5239777889954462,2000s
2007-01-01,4.6,2.075765178123423,2000s
2007-02-01,4.5,2.420260782347028,2000s
2007-03-01,4.4,2.798197295943927,2000s
2007-04-01,4.5,2.5929247633283525,2000s
2007-05-01,4.4,2.709885742672613,2000s
2007-06-01,4.6,2.692765113974227,2000s
2007-07-01,4.7,2.3178905864958077,2000s
2007-08-01,4.6,1.897448478900876,2000s
2007-09-01,4.7,2.8338264299802685,2000s
2007-10-01,4.7,3.610698365527476,2000s
2007-11-01,4.7,4.373267326732666,2000s
2007-12-01,5.0,4.108813392417532,2000s
2008-01-01,5.0,4.294695655165981,2000s
2008-02-01,4.9,4.142959270611968,2000s
2008-03-01,5.1,3.9749035501344343,2000s
2008-04-01,5.0,3.9037609759888126,2000s
2008-05-01,5.4,4.088413823123993,2000s
2008-06-01,5.6,4.935966105947864,2000s
2008-07-01,5.8,5.497512078341837,2000s
2008-08-01,6.1,5.308017162091239,2000s
2008-09-01,6.1,4.953319875136075,2000s
2008-10-01,6.5,3.7310578899565128,2000s
2008-11-01,6.8,1.0999174706166848,2000s
2008-12-01,7.3,-0.02222800255385904,2000s
2009-01-01,7.8,-0.11358601902212717,2000s
2009-02-01,8.3,0.008463140671510772,2000s
2009-03-01,8.7,-0.4464787676623838,2000s
2009-04-01,9.0,-0.5763244243767063,2000s
2009-05-01,9.4,-1.015761495855172,2000s
2009-06-01,9.5,-1.2291746182109153,2000s
2009-07-01,9.5,-1.9587610037622771,2000s
2009-08-01,9.6,-1.4838355663267633,2000s
2009-09-01,9.8,-1.377942862886472,2000s
2009-10-01,10.0,-0.22396829420033848,2000s
2009-11-01,9.9,1.9145871744709275,2000s
2009-12-01,9.9,2.8141231232083674,2000s
2010-01-01,9.8,2.6211113889767157,2010s+
2010-02-01,9.8,2.151336357866529,2010s+
2010-03-01,9.9,2.2861714393279886,2010s+
2010-04-01,9.9,2.2067707525304403,2010s+
2010-05-01,9.6,2.003548929218568,2010s+
2010-06-01,9.4,1.1215605940686268,2010s+
2010-07-01,9.4,1.3407784804821077,2010s+
2010-08-01,9.5,1.1501775395112546,2010s+
2010-09-01,9.5,1.1183122472331775,2010s+
2010-10-01,9.4,1.1666951489314625,2010s+
2010-11-01,9.8,1.084544776600338,2010s+
2010-12-01,9.3,1.437793022217937,2010s+
2011-01-01,9.1,1.7007834915029774,2010s+
2011-02-01,9.0,2.124898173333145,2010s+
2011-03-01,9.0,2.619241510354109,2010s+
2011-04-01,9.1,3.0772344447868694,2010s+
2011-05-01,9.0,3.4589718808964998,2010s+
2011-06-01,9.1,3.5023181506360412,2010s+
2011-07-01,9.0,3.5798809769996165,2010s+
2011-08-01,9.0,3.75499603070808,2010s+
2011-09-01,9.0,3.812621692818685,2010s+
2011-10-01,8.8,3.5222681306640524,2010s+
2011-11-01,8.6,3.451432214581729,2010s+
2011-12-01,8.5,3.062066838419386,2010s+
2012-01-01,8.3,3.0087663379855023,2010s+
2012-02-01,8.3,2.8981784423473878,2010s+
2012-03-01,8.2,2.5828752813320977,2010s+
2012-04-01,8.2,2.2731633741348567,2010s+
2012-05-01,8.2,1.7379429374660749,2010s+
2012-06-01,8.2,1.653870448297634,2010s+
2012-07-01,8.2,1.4175114798464783,2010s+
2012-08-01,8.1,1.6859349154821235,2010s+
2012-09-01,7.8,1.9497168982819613,2010s+
2012-10-01,7.8,2.1556780595369363,2010s+
2012-11-01,7.7,1.7960197033926262,2010s+
2012-12-01,7.9,1.7595049796895523,2010s+
2013-01-01,8.0,1.684061762098299,2010s+
2013-02-01,7.7,2.0181404902574807,2010s+
2013-03-01,7.5,1.5187472411246183,2010s+
2013-04-01,7.6,1.138808047576867,2010s+
2013-05-01,7.5,1.3903888279197085,2010s+
2013-06-01,7.5,1.7157935271568725,2010s+
2013-07-01,7.3,1.885471805415806,2010s+
2013-08-01,7.2,1.538809488600279,2010s+
2013-09-01,7.2,1.0947341081747997,2010s+
2013-10-01,7.2,0.8767991434911471,2010s+
2013-11-01,6.9,1.2328701961954458,2010s+
2013-12-01,6.7,1.5128383667573297,2010s+
2014-01-01,6.6,1.557758795574915,2010s+
2014-02-01,6.7,1.1204746347724948,2010s+
2014-03-01,6.7,1.6126949139408042,2010s+
2014-04-01,6.2,2.015125303606169,2010s+
2014-05-01,6.3,2.166947687079812,2010s+
2014-06-01,6.1,2.0589816945944195,2010s+
2014-07-01,6.2,1.9742378703305974,2010s+
2014-08-01,6.1,1.7150983482969062,2010s+
2014-09-01,5.9,1.6840509711232077,2010s+
2014-10-01,5.7,1.6095417021513292,2010s+
2014-11-01,5.8,1.231524989320798,2010s+
2014-12-01,5.6,0.6531213919623191,2010s+
2015-01-01,5.7,-0.22993097820542818,2010s+
2015-02-01,5.5,-0.08703146293520536,2010s+
2015-03-01,5.4,-0.022031284423873476,2010s+
2015-04-01,5.4,-0.10403098939391064,2010s+
2015-05-01,5.6,0.03503321824429584,2010s+
2015-06-01,5.3,0.1795718097550525,2010s+
2015-07-01,5.2,0.22568611104094582,2010s+
2015-08-01,5.1,0.2413037985344868,2010s+
2015-09-01,5.0,0.008842961634170088,2010s+
2015-10-01,5.0,0.12761656067050708,2010s+
2015-11-01,5.1,0.4363182169185187,2010s+
2015-12-01,5.0,0.6387247515364791,2010s+
2016-01-01,4.8,1.2375025026943876,2010s+
2016-02-01,4.9,0.8472775790126619,2010s+
2016-03-01,5.0,0.8916160965521946,2010s+
2016-04-01,5.1,1.1726257503534843,2010s+
2016-05-01,4.8,1.0784764621246223,2010s+
2016-06-01,4.9,1.0792865347959424,2010s+
2016-07-01,4.8,0.8683633430518256,2010s+
2016-08-01,4.9,1.0553158595656864,2010s+
2016-09-01,5.0,1.5486446201652182,2010s+
2016-10-01,4.9,1.685924966243646,2010s+
2016-11-01,4.7,1.6843334719788938,2010s+
2016-12-01,4.7,2.0507989115119862,2010s+
2017-01-01,4.7,2.5103933482571117,2010s+
2017-02-01,4.6,2.8103616813294208,2010s+
2017-03-01,4.4,2.44119623655914,2010s+
2017-04-01,4.4,2.176223471915395,2010s+
2017-05-01,4.4,1.8563431667619756,2010s+
2017-06-01,4.3,1.640565809959127,2010s+
2017-07-01,4.3,1.7251073506566073,2010s+
2017-08-01,4.4,1.92812155729698,2010s+
2017-09-01,4.3,2.1805652303711787,2010s+
2017-10-01,4.2,2.020757753132485,2010s+
2017-11-01,4.2,2.172493864295566,2010s+
2017-12-01,4.1,2.129930719552253,2010s+
2018-01-01,4.0,2.151318868063945,2010s+
2018-02-01,4.1,2.263468931091861,2010s+
2018-03-01,4.0,2.3309497646499366,2010s+
2018-04-01,4.0,2.4709963021052994,2010s+
2018-05-01,3.8,2.781921607842497,2010s+
2018-06-01,4.0,2.8075506935940187,2010s+
2018-07-01,3.8,2.854124785561929,2010s+
2018-08-01,3.8,2.6429238568742575,2010s+
2018-09-01,3.7,2.332055105808828,2010s+
2018-10-01,3.8,2.492032470218053,2010s+
2018-11-01,3.8,2.147328577667773,2010s+
2018-12-01,3.9,2.0023809043401064,2010s+
2019-01-01,4.0,1.4875893578291333,2010s+
2019-02-01,3.8,1.5188615351321877,2010s+
2019-03-01,3.8,1.8831863513063984,2010s+
2019-04-01,3.7,2.000583470209061,2010s+
2019-05-01,3.6,1.7959105553606136,2010s+
2019-06-01,3.6,1.671194894390049,2010s+
2019-07-01,3.7,1.826331335037068,2010s+
2019-08-01,3.6,1.7376412106666406,2010s+
2019-09-01,3.5,1.6844977040391562,2010s+
2019-10-01,3.6,1.7339736996186295,2010s+
2019-11-01,3.6,2.092290394862917,2010s+
2019-12-01,3.6,2.3195274699624457,2010s+
2020-01-01,3.6,2.599767976845202,2010s+
2020-02-01,3.5,2.3413166797595197,2010s+
2020-03-01,4.4,1.4940399642909163,2010s+
2020-04-01,14.8,0.3130472940411133,2010s+
2020-05-01,13.2,0.1982013035848551,2010s+
2020-06-01,11.0,0.7166562831830481,2010s+
2020-07-01,10.2,0.9968647625897997,2010s+
2020-08-01,8.4,1.2810698495523853,2010s+
2020-09-01,7.8,1.3910228912373812,2010s+
2020-10-01,6.9,1.2303863428671624,2010s+
2020-11-01,6.7,1.1757452138405844,2010s+
2020-12-01,6.7,1.3204191315779434,2010s+
2021-01-01,6.4,1.3738437137002402,2010s+
2021-02-01,6.2,1.6698167791706853,2010s+
2021-03-01,6.1,2.6678187820641908,2010s+
2021-04-01,6.1,4.133077115360573,2010s+
2021-05-01,5.8,4.918257089467626,2010s+
2021-06-01,5.9,5.295632620349999,2010s+
2021-07-01,5.4,5.245169381309234,2010s+
2021-08-01,5.1,5.152015301793966,2010s+
2021-09-01,4.7,5.351215590949132,2010s+
2021-10-01,4.5,6.235042390298062,2010s+
2021-11-01,4.1,6.901970403700863,2010s+
2021-12-01,3.9,7.174340285065539,2010s+
2022-01-01,4.0,7.558805726967832,2010s+
2022-02-01,3.9,7.937278766517819,2010s+
2022-03-01,3.7,8.572204966013853,2010s+
2022-04-01,3.7,8.231750770777225,2010s+
2022-05-01,3.6,8.538171195642065,2010s+
2022-06-01,3.6,8.979361103105798,2010s+
2022-07-01,3.5,8.462576727730099,2010s+
2022-08-01,3.6,8.222579178218826,2010s+
2022-09-01,3.5,8.192106896425821,2010s+
2022-10-01,3.6,7.758813957693,2010s+
2022-11-01,3.6,7.122856456533988,2010s+
2022-12-01,3.5,6.404600402357152,2010s+
2023-01-01,3.5,6.327178517960097,2010s+
2023-02-01,3.6,5.957820738137087,2010s+
2023-03-01,3.5,4.917719362889961,2010s+
2023-04-01,3.4,4.950079879124369,2010s+
2023-05-01,3.6,4.131851231385042,2010s+
2023-06-01,3.6,3.070617072997095,2010s+
2023-07-01,3.5,3.287749268428297,2010s+
2023-08-01,3.7,3.722504803505289,2010s+
2023-09-01,3.7,3.687206638119256,2010s+
2023-10-01,3.9,3.2512659098611785,2010s+
2023-11-01,3.7,3.1333462745911866,2010s+
2023-12-01,3.8,3.3159099427102934,2010s+
2024-01-01,3.7,3.0883429864855705,2010s+
2024-02-01,3.9,3.157074141648697,2010s+
2024-03-01,3.9,3.4868349120836584,2010s+
2024-04-01,3.9,3.3607951262196734,2010s+
2024-05-01,3.9,3.244278584003113,2010s+
2024-06-01,4.1,2.9702579486470926,2010s+
2024-07-01,4.2,2.9414757935583014,2010s+
2024-08-01,4.2,2.607144490692037,2010s+
2024-09-01,4.1,2.4264830315416708,2010s+
2024-10-01,4.1,2.578844053871343,2010s+
2024-11-01,4.2,2.719472461284833,2010s+
2024-12-01,4.1,2.870690967509981,2010s+
2025-01-01,4.0,2.9909783078999608,2010s+
2025-02-01,4.2,2.8015834477613355,2010s+
2025-03-01,4.2,2.381981462805549,2010s+
2025-04-01,4.2,2.32538823025783,2010s+
2025-05-01,4.3,2.3772651073680873,2010s+
2025-06-01,4.1,2.680453865910226,2010s+
2025-07-01,4.3,2.742618052167134,2010s+
2025-08-01,4.3,2.9385917430316155,2010s+
2025-09-01,4.4,3.0225715847133294,2010s+
2025-11-01,4.5,2.6964439164939513,2010s+
2025-12-01,4.4,2.653304114557753,2010s+
2026-01-01,4.3,2.391201432150014,2010s+
2026-02-01,4.4,2.4340041103732224,2010s+
